Age [ka],r (GoM/GRIP d18O),r (GoM/GRIP T),r (GoM/PaTh),r (GoM/Badgeley),p (GoM/GRIP d18O),p (GoM/GRIP T),p (GoM/PaTh),p (GoM/Badgeley),npoints (GoM/GRIP d18O),npoints (GoM/GRIP T),npoints (GoM/PaTh),npoints (GoM/Badgeley)
0.1,,,,,,,,,,,,
0.2,0.0,0.0,,0.0,,,,,1.0,1.0,,1.0
0.3,0.9000355961842276,0.8869020792020902,,0.7292233229906769,0.28708059343574777,0.30570546239852764,,0.47976308953489627,3.0,3.0,,3.0
0.4,0.8384554167573156,0.813060971879941,,-0.07450852568135818,0.07602535925921512,0.0942572297337487,,0.9052206481221536,5.0,5.0,,5.0
0.5,0.7173608870158338,0.6940375617404413,,0.07321089496928951,0.06956606001640975,0.08364855663936935,,0.8760461346472499,7.0,7.0,,7.0
0.6,0.7016985458044708,0.6951260676096074,0.0,0.24866622047956377,0.03513057907911148,0.037644868583534226,1.0,0.5188038956220121,9.0,9.0,2.0,9.0
0.7,0.4417176517296927,0.4509364558771114,0.0,0.1412966450936448,0.17377348174077972,0.16391024947078917,1.0,0.6785802907991232,11.0,11.0,2.0,11.0
0.8,0.2670954215125267,0.2814610402382692,0.9676945754966682,0.06773529741489871,0.3776812514555693,0.3515450125201358,0.03230542450333184,0.8259757195117026,13.0,13.0,4.0,13.0
0.9,0.24064626568448216,0.2514418744965619,0.9676945754966682,0.0689312568046334,0.3876084283558735,0.3659990950301685,0.03230542450333184,0.8071547634550773,15.0,15.0,4.0,15.0
1.0,0.046475341423456676,0.03463978321709959,0.632767564720606,-0.02973367419959768,0.8594129221927993,0.894997501913217,0.2519078056433197,0.909807614495524,17.0,17.0,5.0,17.0
1.1,0.046475341423456676,0.03463978321709959,0.632767564720606,-0.02973367419959768,0.8594129221927993,0.894997501913217,0.2519078056433197,0.909807614495524,17.0,17.0,5.0,17.0
1.2,0.05361907499339664,0.03545760018611061,0.632767564720606,0.0010696655851898163,0.8494775857474943,0.9001663475386819,0.2519078056433197,0.9969813329658315,15.0,15.0,5.0,15.0
1.3,-0.22330274845133805,-0.2611124576914299,0.632767564720606,-0.07529641339382873,0.4633491200068559,0.388859908189479,0.2519078056433197,0.8068624344148057,13.0,13.0,5.0,13.0
1.4,-0.6285761379112372,-0.6348794274030256,0.632767564720606,-0.3402982196389311,0.03832040629326154,0.035851713422603036,0.2519078056433197,0.30583833433538843,11.0,11.0,5.0,11.0
1.5,-0.882928017171718,-0.8993597566100889,0.6090552279641174,-0.6114972817239551,0.0016092623380855936,0.0009637422336607066,0.39094477203588274,0.08015376577942639,9.0,9.0,4.0,9.0
1.6,-0.8564164081356368,-0.8857534899878448,0.9929880325854297,-0.6016817346561698,0.013866449313972682,0.00796066825441349,0.07543435197178522,0.15291894813933293,7.0,7.0,3.0,7.0
1.7,-0.9233671945433304,-0.9325654425749059,1.0,-0.5365639901253615,0.025170959369234074,0.020807275142802367,0.0,0.35119231546342417,5.0,5.0,2.0,5.0
1.8,-0.9553261982663165,-0.9558035392012242,0.0,-0.3293713117526279,0.19100809938490595,0.18997721253785757,,0.7863264319345238,3.0,3.0,1.0,3.0
1.9,0.0,0.0,0.0,0.0,,,,,1.0,1.0,1.0,1.0
2.0,,,,,,,,,,,,
2.1,,,,,,,,,,,,
2.2,,,,,,,,,,,,
2.3,,,,,,,,,,,,
2.4,,,,,,,,,,,,
2.5,,,,,,,,,,,,
2.6,,,,,,,,,,,,
2.7,,,,,,,,,,,,
2.8,,,,,,,,,,,,
2.9,,,,,,,,,,,,
3.0,,,,,,,,,,,,
3.1,,,,,,,,,,,,
3.2,,,,,,,,,,,,
3.3,,,,,,,,,,,,
3.4,,,,,,,,,,,,
3.5,,,,,,,,,,,,
3.6,,,,,,,,,,,,
3.7,,,,,,,,,,,,
3.8,,,,,,,,,,,,
3.9,,,,,,,,,,,,
4.0,,,,,,,,,,,,
4.1,,,,,,,,,,,,
4.2,,,,,,,,,,,,
4.3,,,,,,,,,,,,
4.4,,,,,,,,,,,,
4.5,,,,,,,,,,,,
4.6,,,,,,,,,,,,
4.7,,,,,,,,,,,,
4.8,,,,,,,,,,,,
4.9,,,,,,,,,,,,
5.0,,,,,,,,,,,,
5.1,,,,,,,,,,,,
5.2,,,,,,,,,,,,
5.3,,,,,,,,,,,,
5.4,,,,,,,,,,,,
5.5,,,,,,,,,,,,
5.6,,,,,,,,,,,,
5.7,,,,,,,,,,,,
5.8,,,,,,,,,,,,
5.9,,,,,,,,,,,,
6.0,,,,,,,,,,,,
6.1,,,,,,,,,,,,
6.2,,,,,,,,,,,,
6.3,,,,,,,,,,,,
6.4,,,,,,,,,,,,
6.5,0.0,0.0,,0.0,,,,,1.0,1.0,,1.0
6.6,-0.8158271509536762,-0.8271481125756042,0.0,-0.8563369348286776,0.39256410016516413,0.37992349885925153,,0.3454694565190123,3.0,3.0,1.0,3.0
6.7,0.20320008005022586,0.38659673616433105,0.0,-0.2600957056876338,0.7430692687645616,0.5203216779929959,1.0,0.6726085614043221,5.0,5.0,2.0,5.0
6.8,-0.033730132736861526,0.03743113962153681,0.0,-0.3295782590722124,0.94277051678443,0.9364994306074386,1.0,0.4703763126307374,7.0,7.0,2.0,7.0
6.9,0.1967285894037353,0.2513930641758041,0.7596380898739132,-0.4684202908256138,0.6119293548657118,0.514076730233785,0.24036191012608663,0.20345814087738678,9.0,9.0,4.0,9.0
7.0,0.23573415272154363,0.2856464695243298,0.7596380898739132,-0.577962580744182,0.4852902768767181,0.3945005880202691,0.24036191012608663,0.06255826212034533,11.0,11.0,4.0,11.0
7.1,0.15883696736740444,0.19460232560546267,0.7596380898739132,-0.17181190653928397,0.6042487881897471,0.5240682393351048,0.24036191012608663,0.5746207624891752,13.0,13.0,4.0,13.0
7.2,0.15663761756800731,0.1887229738577913,0.6670809080084424,-0.05805389028710587,0.577195783222651,0.5005631639091661,0.14780311866143186,0.8371754318227033,15.0,15.0,6.0,15.0
7.3,0.0014025503217894864,0.0440467467930621,0.055410086801861776,-0.1897290203728763,0.9957374510021991,0.866696044584131,0.9060772545837087,0.46578598832576945,17.0,17.0,7.0,17.0
7.4,-0.033473188176976476,0.014866911338316816,-0.09326132826049745,-0.18885163746525402,0.8917910899995952,0.9518315889450651,0.8261463097645453,0.43874930482892094,19.0,19.0,8.0,19.0
7.5,0.1283369660772795,0.17052097401176144,-0.09326132826049745,-0.01109238032492556,0.6005540085094022,0.4852013746779439,0.8261463097645453,0.9640521699290513,19.0,19.0,8.0,19.0
7.6,-0.09475428437866112,-0.07923413176075098,-0.1922595284899995,-0.09841325811917952,0.6996043323056105,0.7471240516608106,0.7151640215593748,0.6885480187573103,19.0,19.0,6.0,19.0
7.7,-0.4962761554213401,-0.49687086440465716,-0.1922595284899995,-0.48763553727536835,0.030679743517940894,0.03044915254345932,0.7151640215593748,0.034185980485641324,19.0,19.0,6.0,19.0
7.8,-0.276115867327944,-0.2782687825829564,0.20199286816457954,-0.14368660748504813,0.25251060343301035,0.2486788154629821,0.6640388639311492,0.5573015833350701,19.0,19.0,7.0,19.0
7.9,-0.3295763059485935,-0.3526223388350845,0.25307253874245705,-0.11591864717103881,0.168226973972353,0.13867405091057125,0.6284952970819335,0.6365175388585551,19.0,19.0,6.0,19.0
8.0,-0.31363807855608833,-0.3314351041897561,0.23153681345707777,-0.1361985547981044,0.19101135089079224,0.16569626883070054,0.5811345966894432,0.5782290701868213,19.0,19.0,8.0,19.0
8.1,-0.2090306488417704,-0.22805902801384073,-0.05160696576290835,-0.13662679838226885,0.39043284130912115,0.3477022179830739,0.8951002048436667,0.5770232298819864,19.0,19.0,9.0,19.0
8.2,-0.20170347063672323,-0.216378381453467,-0.057912796444950745,-0.1365060403180234,0.40762600816861805,0.37360127153885936,0.8916560539569904,0.5773631491737626,19.0,19.0,8.0,19.0
8.3,-0.080975065898317,-0.0997874725238212,0.4894980271154537,-0.12064842324849981,0.7417463703550944,0.6844109877591467,0.3243968589321384,0.6227224762695852,19.0,19.0,6.0,19.0
8.4,0.03138460066855975,0.0033613094237767093,0.4894980271154537,-0.0799890856977521,0.8985085613480361,0.989103733094759,0.3243968589321384,0.7447906370991042,19.0,19.0,6.0,19.0
8.5,0.03870679089115623,0.010172831633309433,0.4894980271154537,-0.1410053212247596,0.8749903000459593,0.9670306023627907,0.3243968589321384,0.5647565659964554,19.0,19.0,6.0,19.0
8.6,0.028739258221323633,-0.0018846095947861762,0.4894980271154537,-0.12004271220893856,0.9070261486653617,0.9938905931393875,0.3243968589321384,0.6244825369114408,19.0,19.0,6.0,19.0
8.7,0.192262338235534,0.1741450431309936,0.4650190543554162,-0.12203557542110278,0.4303711775465727,0.47583060031789326,0.43001024386720627,0.6186991073126652,19.0,19.0,5.0,19.0
8.8,0.20211687340805765,0.1911463353849169,-0.9276899830565389,0.20171953641230517,0.4066452018256156,0.43310321970840193,0.023086816737025843,0.4075878678888407,19.0,19.0,5.0,19.0
8.9,0.13220683669490946,0.12735762892367686,-0.9361974337247491,0.3986049728207961,0.5895202623689078,0.6033596668641414,0.01915977866754477,0.09094794204105168,19.0,19.0,5.0,19.0
9.0,0.19695601835126458,0.19448511927301493,-0.9277732790679014,0.3415560442371391,0.41898085862807233,0.4249568594612694,0.24344079692617226,0.15237308054172152,19.0,19.0,3.0,19.0
9.1,0.2087481410628689,0.20630781613221558,0.0,0.3017342787661776,0.39108821682715444,0.39677461171283446,1.0,0.2093147353969633,19.0,19.0,2.0,19.0
9.2,0.22137571862855218,0.2122123942063791,0.0,0.3424009945917672,0.3623910955624905,0.3830936480209052,1.0,0.151295362576181,19.0,19.0,2.0,19.0
9.3,0.5816662255184116,0.577621776873294,0.7549640689119759,0.46034001361493776,0.008990843057164518,0.009598980394596952,0.45530855232539635,0.04733116275430399,19.0,19.0,3.0,19.0
9.4,0.48057341766323736,0.47826141707082304,-0.11484734118795432,0.33692021724259075,0.03727603400276456,0.03833316201316593,0.8540939187282067,0.15838044696538384,19.0,19.0,5.0,19.0
9.5,0.4480000063041278,0.4443410955820362,-0.11484734118795432,0.26394359577839716,0.054406792150688346,0.05665124316255518,0.8540939187282067,0.2748744786087065,19.0,19.0,5.0,19.0
9.6,0.29720270715101754,0.2798992029416335,-0.19697745268817043,0.26302267042123256,0.2165755069848206,0.2458016875660553,0.6720501235774037,0.2766148703876013,19.0,19.0,7.0,19.0
9.7,0.38366476842054104,0.369372787422452,-0.19697745268817043,0.4365217189023452,0.10489273226442401,0.1196154988751859,0.6720501235774037,0.06168151913774078,19.0,19.0,7.0,19.0
9.8,0.27507042188349395,0.26061291082714355,0.017728933642317566,0.3550000241097263,0.2543847060378594,0.2812011106810921,0.9699071573050508,0.1358470958773144,19.0,19.0,7.0,19.0
9.9,0.05150091366798546,0.037417670294078914,0.003989771311012786,0.10313154995374191,0.8341474909675743,0.8791241276650629,0.9918722124454131,0.6743798176336486,19.0,19.0,9.0,19.0
10.0,-0.2212526428662181,-0.2227073593746958,0.003989771311012786,-0.12237534529833452,0.3626648596843908,0.35943658025469627,0.9918722124454131,0.6177151964661571,19.0,19.0,9.0,19.0
10.1,-0.2151880055282922,-0.21658674606161313,0.003989771311012786,-0.13283764221581673,0.4068525694086964,0.40373542882026636,0.9918722124454131,0.6112799327350374,17.0,17.0,9.0,17.0
10.2,-0.14109857234612339,-0.14751216520696336,0.003989771311012786,-0.035136557417507104,0.615959197385689,0.599838018009361,0.9918722124454131,0.901066162424625,15.0,15.0,9.0,15.0
10.3,0.6383825722789448,0.6507322181680169,-0.12094057603730712,0.6678662870417086,0.010430894131334627,0.008611173927554366,0.7566052165143573,0.006508954741448087,15.0,15.0,9.0,15.0
10.4,0.6890394109261315,0.6976302982027899,0.03933016369572766,0.717927954201409,0.004493833005233334,0.0038338185625776526,0.9263319556884271,0.002577446284051107,15.0,15.0,8.0,15.0
10.5,0.778516000729819,0.7872031905597205,-0.22403244709397221,0.7953278728314612,0.0006282806696801273,0.0004954865000507629,0.5622652292769271,0.0003929174199186226,15.0,15.0,9.0,15.0
10.6,0.7576682928963252,0.7587374258510273,-0.10708024566051481,0.7809503522158706,0.0010674708550459536,0.0010401517429816918,0.8007540116471921,0.000588455072849635,15.0,15.0,8.0,15.0
10.7,0.5835010739791716,0.5646316454226145,-0.27635080103247256,0.5604919246635268,0.02240268106540916,0.02831415753156935,0.5076188907650092,0.029755282055731806,15.0,15.0,8.0,15.0
10.8,0.4824028879992906,0.4600238994288009,-0.5623178657635488,0.4798896005125705,0.06857843655548428,0.08445908064604085,0.18884909364970634,0.07024510438829404,15.0,15.0,7.0,15.0
10.9,0.1082013231484785,0.08035871243438902,-0.31203429677726796,0.15301763616073646,0.7010994985304875,0.7758834214662514,0.45180309016456377,0.5861353376642753,15.0,15.0,8.0,15.0
11.0,-0.302592420065949,-0.3029300151175023,-0.40517802496036076,-0.19507694748698542,0.2546413223862713,0.25408525222532236,0.24540819423406265,0.46905812220548326,16.0,16.0,10.0,16.0
11.1,-0.26727122262337955,-0.2692985166892141,-0.6024202266622688,-0.201734768194463,0.2836355570074254,0.2798594247357226,0.04983092004688937,0.4221207543816531,18.0,18.0,11.0,18.0
11.2,0.15256910728101816,0.17870133376785768,-0.7401835959277631,0.11081868929210675,0.5329214411110631,0.46417868854547784,0.009194623910097037,0.651521560372895,19.0,19.0,11.0,19.0
11.3,-0.5490198344994132,-0.5541541900488329,0.10223582531279077,-0.5712144459542653,0.014912636091937421,0.013816856990309111,0.7518775004639238,0.010630132173594195,19.0,19.0,12.0,19.0
11.4,-0.7107065927122729,-0.7176250078694064,0.3707051003169203,-0.7261920161575097,0.0006482721017785405,0.0005417663772611354,0.21241758774654204,0.0004306851466614975,19.0,19.0,13.0,19.0
11.5,-0.7464090844429084,-0.7516357545351916,0.4916618894750001,-0.7593061635413004,0.00024211131748217243,0.0002068338349191146,0.07416158495376445,0.00016301748324581408,19.0,19.0,14.0,19.0
11.6,-0.8183773655926723,-0.8224729725922522,0.5443977349159396,-0.8427429285872479,1.8490777811960033e-05,1.5459709106935167e-05,0.029236525089731062,5.934133988615844e-06,19.0,19.0,16.0,19.0
11.7,-0.8484339854472795,-0.8511479924161464,0.4743000600076113,-0.8589306927590258,4.4273234228739716e-06,3.8340318408526474e-06,0.06342784410037126,2.497336882559491e-06,19.0,19.0,16.0,19.0
11.8,-0.8624657015585565,-0.8608596397858308,0.48615549397591584,-0.879161478102791,2.038255171277271e-06,2.2368398534157767e-06,0.056215079594536255,7.197907781405812e-07,19.0,19.0,16.0,19.0
11.9,-0.8522928132109839,-0.8529138360653402,0.46351838569670517,-0.8432379073585401,3.605214839793784e-06,3.4861104070474903e-06,0.09505220181177759,5.787496691250643e-06,19.0,19.0,14.0,19.0
12.0,-0.7324378615699723,-0.7353577443895836,0.3258009457327175,-0.661173442260548,0.0003624163836573622,0.00033379057940452483,0.2556451164169277,0.0020532900809517836,19.0,19.0,14.0,19.0
12.1,-0.09585249775589759,-0.06722023307868713,0.4473468990912798,-0.013544799013818309,0.6962796633703963,0.7845278734294965,0.08231544415737355,0.9561110787433849,19.0,19.0,16.0,19.0
12.2,0.7466616846371149,0.7342064972198549,0.06047222929084428,0.765998539026843,0.00024029611011443144,0.000344839484519361,0.8239480508590291,0.00013150412426733777,19.0,19.0,16.0,19.0
12.3,0.4888618004235111,0.49319305098768285,0.2313824688002524,0.18573291678222817,0.033670306222406625,0.03189707276829827,0.3885542118964712,0.446484063469183,19.0,19.0,16.0,19.0
12.4,-0.515576539687507,-0.4770923345885692,0.3960057623398243,-0.7054298374111045,0.0238597388682192,0.03887643549133334,0.1289124783046334,0.0007408976603945518,19.0,19.0,16.0,19.0
12.5,-0.7797837421726042,-0.7566992045531024,0.5680506278087472,-0.8794321652857459,8.259348100389612e-05,0.00017692383201190759,0.02170009027552989,7.068753551209835e-07,19.0,19.0,16.0,19.0
12.6,-0.7849403256487338,-0.7768565079375532,0.4851604178220026,-0.8656582831060207,6.882183472112689e-05,9.141153014422265e-05,0.05679602783229831,1.688438881513863e-06,19.0,19.0,16.0,19.0
12.7,-0.7835699848117138,-0.781961224921075,0.42232592696775495,-0.8472509193254215,7.227419960033582e-05,7.651530921459654e-05,0.11683763900499924,4.709825980473399e-06,19.0,19.0,15.0,19.0
12.8,-0.8085063622733728,-0.8081471074039316,0.3681912358172496,-0.8542243525528482,2.7973494696572997e-05,2.8385568377961402e-05,0.1459117403022584,3.24589897507999e-06,19.0,19.0,17.0,19.0
12.9,-0.8717857126201738,-0.8751663940152279,0.35811968334297606,-0.8848353347513198,1.1603557715126126e-06,9.357211923684519e-07,0.15811933100265269,4.879375669438863e-07,19.0,19.0,17.0,19.0
13.0,-0.8329342174306122,-0.8495848550739266,0.6913794542437703,-0.8444562867251074,9.580791250186626e-06,4.16669793144136e-06,0.004305747697823632,5.439824558496219e-06,19.0,19.0,15.0,19.0
13.1,-0.6552356719793656,-0.6867585149847173,0.480142363350504,-0.665836920566318,0.002325615745499858,0.0011630114555249774,0.07007618031126109,0.0018584816365498577,19.0,19.0,15.0,19.0
13.2,-0.2088050272314393,-0.23048769035092864,0.1367363873972182,-0.28260478100918596,0.3909562007070241,0.34245094640819207,0.6560043877995148,0.24107424908854483,19.0,19.0,13.0,19.0
13.3,0.25905648270542536,0.25005235404932974,0.37560290668604257,0.07582258695382317,0.2841880588908945,0.3018489141742042,0.2289014073158582,0.7576944816359161,19.0,19.0,12.0,19.0
13.4,0.3802175622072664,0.3731047637618097,0.3519779173967704,0.21289265565324225,0.10831763839457288,0.1156370261058913,0.2618514266807862,0.38153454979407053,19.0,19.0,12.0,19.0
13.5,0.3388941778816608,0.33315183677397714,0.3299924833288747,0.21935956384723065,0.15580289619522555,0.16338220076654345,0.2948500304296046,0.3668905414723025,19.0,19.0,12.0,19.0
13.6,0.214630366617098,0.20668112863479016,0.330009322241607,0.04879597626484256,0.3775679700724959,0.3959018037050187,0.29482390164291244,0.8427521771848855,19.0,19.0,12.0,19.0
13.7,0.2211480542533416,0.21826640526223146,0.18445188456610848,0.007365861597110887,0.36289759426606827,0.3693433024095929,0.5463402463878824,0.976124847426443,19.0,19.0,13.0,19.0
13.8,-0.11522424066811919,-0.10688039764170318,-0.6521223474357983,-0.14573149914726846,0.6385526881169226,0.6631967301445012,0.015714155412648628,0.5516454658926884,19.0,19.0,13.0,19.0
13.9,-0.16225310444971677,-0.14071890808455556,-0.6490696878470474,-0.15644905389828576,0.5069142170565208,0.5655554700895302,0.00884047780621804,0.5224283931582946,19.0,19.0,15.0,19.0
14.0,-0.13398877737360756,-0.1204309580643569,-0.5884622686814946,-0.11717569360643498,0.5844683555489935,0.6233541566628058,0.016487712499230898,0.6328397585699481,19.0,19.0,16.0,19.0
14.1,-0.22655077226318251,-0.22222304319981961,-0.5941982001648576,-0.21426017244288006,0.35098665549737906,0.36050953896970106,0.015215076079245129,0.37841105056466584,19.0,19.0,16.0,19.0
14.2,-0.26462917604618014,-0.26660221959369157,-0.6531023691608635,-0.22476815529887767,0.2735832690945949,0.26988832861594847,0.004474116521722997,0.3548914924140463,19.0,19.0,17.0,19.0
14.3,-0.3629302532818456,-0.38896344941243177,-0.14434484885956494,-0.33941419666464834,0.12671101238057458,0.09978157652676889,0.5804516689245087,0.15512870816036087,19.0,19.0,17.0,19.0
14.4,-0.4209735879284337,-0.45184824239194,0.010103562896882735,-0.39206307434957327,0.07267135224222344,0.05211954095336401,0.9693005014428806,0.09687661597090659,19.0,19.0,17.0,19.0
14.5,-0.38073147956211834,-0.41241273421265096,-0.02167758844011338,-0.3375601134893128,0.10780201614620077,0.07931087331440549,0.9364876367595807,0.15754169586179742,19.0,19.0,16.0,19.0
14.6,-0.5743623512798515,-0.5951895441290656,0.14347119939495503,-0.5399966290870647,0.010112913033784993,0.0071798689146593975,0.5960507061790872,0.01700585050526093,19.0,19.0,16.0,19.0
14.7,-0.5962526594894582,-0.6027972921798056,0.3426665249129887,-0.5554339601175557,0.007051147653238998,0.006299473744974592,0.19386016304303713,0.013554029905215093,19.0,19.0,16.0,19.0
14.8,-0.49587722673711115,-0.48871050174219843,0.4163680077823429,-0.5484392682841317,0.030835184036035395,0.03373360257067043,0.10866629373206962,0.015040788705618783,19.0,19.0,16.0,19.0
14.9,-0.39013184747578217,-0.3778401932606079,0.3015388682812829,-0.48385370684036805,0.09867924551895008,0.11072596810889793,0.2747387769052999,0.03581498183286588,19.0,19.0,15.0,19.0
15.0,-0.2911539373538611,-0.27779280156919817,0.27476108516518327,-0.45689593114505594,0.2265208423741127,0.24952277395685396,0.3216488425325969,0.04923095254614251,19.0,19.0,15.0,19.0
15.1,-0.24941965001451685,-0.23017253634438617,0.02573643984411698,-0.6559504484156697,0.30311430594287964,0.34312975987388183,0.930407502793404,0.002291327516237377,19.0,19.0,14.0,19.0
15.2,-0.1543960085682773,-0.14908704900771488,0.03159283079708595,-0.6851762155933656,0.5279686726814299,0.5424200663999843,0.9183947561884935,0.0012065389145082444,19.0,19.0,13.0,19.0
15.3,-0.12514163930878341,-0.1272943621348308,-0.004730952344515642,-0.5863947628333436,0.6097278186967405,0.6035411010018561,0.9889856396408939,0.008319802392673494,19.0,19.0,11.0,19.0
15.4,0.13691510379756552,0.11196456668094877,-0.19876964270840516,-0.30972731711939927,0.5762120318429595,0.648138959423832,0.5579308142410717,0.19690217068200808,19.0,19.0,11.0,19.0
15.5,0.3556708787618901,0.324754936339432,-0.13852338893838848,-0.2266332982276402,0.13505684595208445,0.17491357800008234,0.6846053559652452,0.35080648321972197,19.0,19.0,11.0,19.0
15.6,0.4727016761026133,0.4525333145970161,-0.008031208204888826,0.02966822153698023,0.04096995205681559,0.05172013380922657,0.9813030721248113,0.9040338790954161,19.0,19.0,11.0,19.0
15.7,0.3999468197007706,0.3780708737290061,-0.6422678036960043,0.10028350541383595,0.0897653814452552,0.11049061653453192,0.045241872386500945,0.6829197993316114,19.0,19.0,10.0,19.0
15.8,-0.058774826208406135,-0.06573726287141266,0.1199043122566498,-0.2328930278685349,0.8111002921463675,0.7891782324121848,0.7586405715376736,0.33729580262371495,19.0,19.0,9.0,19.0
15.9,-0.3156657489645237,-0.33322842578380313,0.45789012136285273,-0.3218147886088943,0.18800392961158538,0.16327948105773593,0.15670467137649033,0.17907839845180315,19.0,19.0,11.0,19.0
16.0,-0.25574537683510684,-0.2776973975008453,0.679981131980978,-0.2788465450457829,0.2906070335891647,0.24969215266290354,0.021326232125758397,0.24765682835148078,19.0,19.0,11.0,19.0
16.1,-0.05294833404675266,-0.08516837372208168,0.6065788008563783,0.14238555570266395,0.8295504353820022,0.7288407686798957,0.03651307328196045,0.560913554885538,19.0,19.0,12.0,19.0
16.2,-0.016648215538162068,-0.02782008608850912,0.6065788008563783,0.31673889659351123,0.9460677760819406,0.9099880607720564,0.03651307328196045,0.186425162076804,19.0,19.0,12.0,19.0
16.3,0.00761472041430034,-0.013830644373628237,0.5300710936701712,0.389169753492616,0.9753184450973524,0.955185736638584,0.0624181577555861,0.09958629265791472,19.0,19.0,13.0,19.0
16.4,-0.036073450141168494,-0.05272690151519198,0.22485094512443962,0.377473723998277,0.8834378327816346,0.830253372831894,0.4396091811510342,0.11110059683107137,19.0,19.0,14.0,19.0
16.5,-0.1829386313146007,-0.19888532020327523,0.22251847233873964,0.23184818672593904,0.453473594858949,0.4143461592622495,0.44449399056162353,0.33952952217499566,19.0,19.0,14.0,19.0
16.6,-0.27151939466624425,-0.29687430370188134,0.352538779950808,0.22698231133447386,0.2608158722159336,0.21710801024349252,0.23742996719191028,0.3500451002275472,19.0,19.0,13.0,19.0
16.7,-0.23305099288717793,-0.26125548396341597,0.284738167996183,0.0015643972505526569,0.3369588447165185,0.2799736133792071,0.30366372098745437,0.9949286230366594,19.0,19.0,15.0,19.0
16.8,-0.15748181455954788,-0.1762212968795922,0.26869333138081175,-0.13500665981140392,0.5196517233508382,0.4705029672647766,0.3328787991414798,0.5815908396020664,19.0,19.0,15.0,19.0
16.9,-0.40428011659107077,-0.4177994492440061,-0.22019988354795433,-0.5609707869898981,0.08602321066612734,0.07508304361536125,0.43034767056379075,0.012462700689212208,19.0,19.0,15.0,19.0
17.0,-0.020796949090184615,-0.03609838947138258,0.14618726085771297,-0.5943961061126429,0.9326540191594763,0.8833577715970068,0.6031545074747242,0.007277178725411097,19.0,19.0,15.0,19.0
17.1,0.343005663198487,0.3311820435379192,-0.08047383169589567,-0.5419602448781643,0.1505273642943212,0.16603926539413158,0.758822870750925,0.01653153549397323,19.0,19.0,17.0,19.0
17.2,0.5075502409972467,0.49155710932343444,-0.07750486100057646,-0.519453055142623,0.03154286245892369,0.03828266011682446,0.7674862737982033,0.0271527176802432,18.0,18.0,17.0,18.0
17.3,0.6308899683368798,0.6169417540341222,-0.18384429063872257,-0.052992899493895296,0.004994190466643869,0.0063848256849461694,0.49551052696467024,0.8345771114615124,18.0,18.0,16.0,18.0
17.4,0.414213449552321,0.4053733501828463,-0.42088614500998234,-0.23902563467901178,0.08746108054625083,0.0951316272305547,0.10449607230629263,0.33945536963065437,18.0,18.0,16.0,18.0
17.5,0.3150875783162203,0.31532282580386034,0.21088439260369543,-0.10816397786883107,0.20281427443329217,0.20245895301113864,0.4330459095561293,0.6692241441543376,18.0,18.0,16.0,18.0
17.6,0.3028266923246028,0.3039670291189742,0.24953197686169876,0.2097190753355539,0.2219024555491578,0.22007987596684386,0.3341059412566173,0.40358631231939635,18.0,18.0,17.0,18.0
17.7,0.06323007306867862,0.07048067754041115,0.4500233472404124,0.15413293519333587,0.8031655433897851,0.7810874424210287,0.06989777225193465,0.5414304688623104,18.0,18.0,17.0,18.0
17.8,-0.09912080299082146,-0.09570821007367325,0.7400587411256576,0.24027322250092412,0.6955685916742216,0.7055988881337134,0.0006823201847571975,0.3368643008490988,18.0,18.0,17.0,18.0
17.9,-0.05165383321259404,-0.04724563521772996,0.7649060067564107,0.42863269584551794,0.8387046005857088,0.8523200508589726,0.0005566750905246446,0.07593041550676505,18.0,18.0,16.0,18.0
18.0,-0.03145206594069266,-0.029955272795418396,0.7006065966668986,0.43435301093855866,0.9014024866058081,0.9060745912213441,0.0025039482722544228,0.07168097143499311,18.0,18.0,16.0,18.0
18.1,-0.012913968611528392,-0.01239853473825888,0.6920688689214065,0.4648874426667046,0.9581533992545954,0.9598223080637902,0.002971979723588436,0.04490909006278836,19.0,19.0,16.0,19.0
18.2,-0.12331262818612312,-0.12409679639406167,0.43385641235215716,0.4582453221369951,0.6150042310975454,0.6127397917631366,0.09315328059287734,0.048479819460770186,19.0,19.0,16.0,19.0
18.3,0.3439343792188112,0.34814304547824737,-0.0786034533030959,0.05381327840151822,0.149353051743511,0.14411099011472073,0.7723083786128236,0.8268058624232283,19.0,19.0,16.0,19.0
18.4,0.4172110735317616,0.42483650677093887,0.317694330071966,0.020474217310041353,0.07553652722092924,0.06981455056008237,0.23050023886863874,0.9336969029284505,19.0,19.0,16.0,19.0
18.5,0.4420283599040721,0.44968354975395775,0.23487771883903058,-0.08714078658473652,0.05810556127405412,0.05339698738742266,0.41891891540822523,0.7227941691936766,19.0,19.0,14.0,19.0
18.6,0.5133975591397479,0.525788410532289,0.17837355108583275,-0.052080784512859926,0.024563684599996603,0.02076944630071927,0.5791308020142234,0.8323051747766149,19.0,19.0,12.0,19.0
18.7,0.5124941427060667,0.5205842161122237,0.1214975734258418,-0.05059515470767495,0.024860287455650016,0.022302077110736795,0.7219461505817357,0.837026843797003,19.0,19.0,11.0,19.0
18.8,0.5103326107165719,0.5147367281632482,-0.01932957842077484,-0.09655499494906858,0.02558137105802431,0.024129144531019525,0.9550163044505565,0.6941557361936448,19.0,19.0,11.0,19.0
18.9,0.40115443199366846,0.40738835641583737,-0.024342050314516285,-0.11993257898285752,0.08871076471983526,0.08341036366891755,0.9401430375199771,0.6248027690196774,19.0,19.0,12.0,19.0
19.0,0.4900319547530916,0.4974627315091074,-0.08726242707447555,-0.054388464858237916,0.03318387569207241,0.030221006928605416,0.7874180573960803,0.8249817879966252,19.0,19.0,12.0,19.0
19.1,0.6057979170278882,0.6094757798380361,0.037763962267725895,-0.008876937731948444,0.005977426006314581,0.005601167133887854,0.9025170956799098,0.9712287236237822,19.0,19.0,13.0,19.0
19.2,0.618122180149775,0.6196252279842192,-0.16424776369333688,0.08265692427789739,0.004792422358204027,0.004662143046180713,0.6099871328848281,0.7365620284588568,19.0,19.0,12.0,19.0
19.3,0.32456328616532876,0.30504842786193564,-0.29480384762690953,-0.05991976397379939,0.17518303815234806,0.20410719897528493,0.3522674720337222,0.8074856061481246,19.0,19.0,12.0,19.0
19.4,0.19182414506479667,0.18325672724168215,0.5020460214278087,0.1167767198590738,0.4314428153942187,0.4526751037370069,0.08042279189720267,0.634006160556225,19.0,19.0,13.0,19.0
19.5,0.025117124683549947,0.027760117367108695,0.4533757558464673,0.08757919965561671,0.9187044502318473,0.9101813420615245,0.0896415680335205,0.7214522963937835,19.0,19.0,15.0,19.0
19.6,-0.06944786279624553,-0.06900832400313023,0.4533757558464673,0.08334094479286573,0.7842230603145884,0.7855584596550432,0.0896415680335205,0.7504823422800706,18.0,18.0,15.0,17.0
19.7,-0.17989885029661795,-0.17528322651689374,0.28729533125405504,0.1712889453720586,0.4750339756487698,0.48662233324936066,0.31927711355324245,0.5416066368607968,18.0,18.0,14.0,15.0
19.8,-0.26332261812566327,-0.2577642466174513,0.13197831013792785,0.11067000972206431,0.2910793112274784,0.30175653888636034,0.652888175023695,0.7189003654656653,18.0,18.0,14.0,13.0
19.9,-0.0017050763460446808,0.003099661263302517,0.1841024640389626,0.19913287037553054,0.9946425332735949,0.9902608041641421,0.5667955154716702,0.5571966172449776,18.0,18.0,12.0,11.0
20.0,0.12153839631244158,0.12430138969012688,0.19326407202761128,0.09165179109105735,0.6309339741717768,0.623130049001021,0.5926748124482486,0.8145905572529252,18.0,18.0,10.0,9.0
20.1,0.12500361231588203,0.12818215667139612,0.16892956602329431,0.2270621809062204,0.6211526912312253,0.6122333888018547,0.6639387796168159,0.6243868962222758,18.0,18.0,9.0,7.0
20.2,0.13431848501000926,0.13600585141926916,0.041904285575100286,0.45520468827109534,0.5951610456355589,0.590501156925987,0.9289235177728988,0.44110491726837375,18.0,18.0,7.0,5.0
20.3,0.06908688161983018,0.07228325107121353,-0.1590392290650935,0.5899297165118194,0.7853197453050753,0.775622558641923,0.7634524838944142,0.5983108796618548,18.0,18.0,6.0,3.0
20.4,0.12704489304039368,0.13941015644441257,-0.7544281350005377,0.0,0.6154187881327764,0.5811462182556023,0.24557186499946218,,18.0,18.0,4.0,1.0
20.5,0.17995345128319631,0.1909114954243448,-0.8910620701167034,,0.461002116011362,0.43367928044772486,0.29992209994920754,,19.0,19.0,3.0,
20.6,-0.14918457298827933,-0.13409233331036785,-0.8910620701167034,,0.5421529934165696,0.584175331982266,0.29992209994920754,,19.0,19.0,3.0,
20.7,-0.15296063632547846,-0.1391327034614082,0.0,,0.5318582027877601,0.5699888400257931,,,19.0,19.0,1.0,
20.8,-0.05753813286574741,-0.03888109335750882,0.0,,0.8150087731577474,0.8744315991890179,,,19.0,19.0,1.0,
20.9,-0.03949658015880102,-0.02233529652868099,0.0,,0.8724592037113502,0.9276844352468837,1.0,,19.0,19.0,2.0,
21.0,0.06181804109374782,0.07873904548373009,0.0,,0.8015008047903712,0.7486554118062667,1.0,,19.0,19.0,2.0,
21.1,0.1195646151608895,0.1281429130892888,0.0,,0.6258731564349509,0.6011095162502584,1.0,,19.0,19.0,2.0,
21.2,0.07845940846337746,0.08757784822403139,0.0,,0.7495207606749604,0.7214564315934757,1.0,,19.0,19.0,2.0,
21.3,0.042540525970675334,0.0529881948808296,-0.41357026409864656,,0.8668964327982922,0.834591605653682,0.72856320638297,,18.0,18.0,3.0,
21.4,0.038274195485662195,0.05179848552291206,-0.3781319418343859,,0.8801490249826871,0.8382585346158618,0.6218680581656141,,18.0,18.0,4.0,
21.5,-0.027701416255510095,-0.021224933900635175,-0.3619323750106294,,0.9131152942808207,0.933379396589151,0.48080711119345526,,18.0,18.0,6.0,
21.6,-0.13024657956989288,-0.12342052250205206,-0.3619323750106294,,0.6064679821878391,0.6256139151970301,0.48080711119345526,,18.0,18.0,6.0,
21.7,-0.3493351224654015,-0.34744283456041136,-0.3619323750106294,,0.15533586684070985,0.15773929862228142,0.48080711119345526,,18.0,18.0,6.0,
21.8,-0.4454833550846542,-0.4430177660131249,-0.6963013483611029,,0.06391983436714649,0.06558245851861375,0.3036986516388971,,18.0,18.0,4.0,
21.9,-0.12101417503141323,-0.11905792304998308,-0.6963013483611029,,0.6324188429559672,0.6379717545084255,0.3036986516388971,,18.0,18.0,4.0,
22.0,0.007264044221088648,-0.004935265549465623,-0.6963013483611029,,0.9771785303200176,0.984493833508652,0.3036986516388971,,18.0,18.0,4.0,
22.1,-0.04006761355034759,-0.05472448551519156,0.1999850236074743,,0.8745742003818451,0.8292458419823865,0.747078761406362,,18.0,18.0,5.0,
22.2,-0.01177894338369831,-0.045392923062741834,0.16241354842165728,,0.9618286766360482,0.8536018100309646,0.7585217627084622,,19.0,19.0,6.0,
22.3,-0.0005312507769371599,-0.03180830585039685,0.5942583181203236,,0.9982778111288952,0.8971452601338841,0.4057416818796764,,19.0,19.0,4.0,
22.4,-0.07277497035427344,-0.09493206297658655,0.5322595536812835,,0.767172310777788,0.6990657785357207,0.35582462655823305,,19.0,19.0,5.0,
22.5,0.24172726264102048,0.21710568718684822,0.3424884956821421,,0.318754318842251,0.3719577573643762,0.6575115043178579,,19.0,19.0,4.0,
22.6,0.23935407152999313,0.21407087334924707,0.3424884956821421,,0.3387721356091059,0.3936727735549638,0.6575115043178579,,18.0,18.0,4.0,
22.7,0.19026182717102783,0.16825430644999942,0.3424884956821421,,0.44952311736974293,0.5045306045440661,0.6575115043178579,,18.0,18.0,4.0,
22.8,0.3041964142568631,0.2883706494359409,0.3424884956821421,,0.21971442826380094,0.24585277369031452,0.6575115043178579,,18.0,18.0,4.0,
22.9,0.20816627661138948,0.18986424582590244,0.3424884956821421,,0.40715599100637045,0.450488707626052,0.6575115043178579,,18.0,18.0,4.0,
23.0,0.03861523198573277,0.024784753110216405,0.3424884956821421,,0.8790884950997954,0.9222355774807947,0.6575115043178579,,18.0,18.0,4.0,
23.1,-0.20840426308855606,-0.2233216844996132,0.0,,0.42215144298962726,0.38890700323856675,1.0,,17.0,17.0,2.0,
23.2,-0.18442225699773518,-0.1988253031813993,0.0,,0.5105511627072449,0.4774659377056967,1.0,,15.0,15.0,2.0,
23.3,-0.18207336835300314,-0.19602734752024337,0.0,,0.5516164437004061,0.5209737556153815,,,13.0,13.0,1.0,
23.4,-0.23768503703052268,-0.24561121622135537,,,0.481578305901883,0.46662894387260234,,,11.0,11.0,,
23.5,-0.288543359977992,-0.29546296497585145,,,0.4514548629294386,0.44017392448169024,,,9.0,9.0,,
23.6,-0.4279386604526935,-0.437899505425477,,,0.2901943807236316,0.2778625915647859,,,8.0,8.0,,
23.7,-0.80020085296091,-0.8162234269808384,,,0.055891587815454245,0.047557323929558484,,,6.0,6.0,,
23.8,-0.9003618959342773,-0.9126263307937494,,,0.0996381040657227,0.08737366920625053,,,4.0,4.0,,
23.9,-1.0,-1.0,,,0.0,0.0,,,2.0,2.0,,
24.0,,,,,,,,,,,,
24.1,,,,,,,,,,,,
24.2,,,,,,,,,,,,
24.3,,,,,,,,,,,,
24.4,,,,,,,,,,,,
24.5,,,,,,,,,,,,
24.6,,,,,,,,,,,,
24.7,,,,,,,,,,,,
24.8,,,,,,,,,,,,
24.9,,,,,,,,,,,,
25.0,,,,,,,,,,,,
25.1,,,,,,,,,,,,
25.2,,,,,,,,,,,,
25.3,,,,,,,,,,,,
25.4,,,,,,,,,,,,
25.5,,,,,,,,,,,,
25.6,,,,,,,,,,,,
25.7,,,,,,,,,,,,
25.8,,,,,,,,,,,,
25.9,,,,,,,,,,,,
26.0,,,,,,,,,,,,
26.1,,,,,,,,,,,,
26.2,,,,,,,,,,,,
26.3,,,,,,,,,,,,
26.4,,,,,,,,,,,,
26.5,,,,,,,,,,,,
26.6,,,,,,,,,,,,
26.7,,,,,,,,,,,,
26.8,,,,,,,,,,,,
26.9,,,,,,,,,,,,
27.0,,,,,,,,,,,,
27.1,,,,,,,,,,,,
27.2,,,,,,,,,,,,
27.3,,,,,,,,,,,,
27.4,,,,,,,,,,,,
27.5,,,,,,,,,,,,
27.6,,,,,,,,,,,,
27.7,,,,,,,,,,,,
27.8,,,,,,,,,,,,
27.9,,,,,,,,,,,,
28.0,,,,,,,,,,,,
28.1,,,,,,,,,,,,
28.2,,,,,,,,,,,,
28.3,,,,,,,,,,,,
28.4,,,,,,,,,,,,
28.5,,,,,,,,,,,,
28.6,,,,,,,,,,,,
28.7,,,,,,,,,,,,
28.8,,,,,,,,,,,,
28.9,,,,,,,,,,,,
29.0,,,,,,,,,,,,
29.1,,,,,,,,,,,,
29.2,,,,,,,,,,,,
29.3,,,,,,,,,,,,
29.4,,,,,,,,,,,,
29.5,,,,,,,,,,,,
29.6,,,,,,,,,,,,
29.7,,,,,,,,,,,,
29.8,,,,,,,,,,,,
29.9,,,,,,,,,,,,
30.0,,,,,,,,,,,,
